{
  "timestamp": 1756703893.876533,
  "llm": "engineer",
  "phase": "proposal",
  "session": "10e110e8-d5d5-4188-a90f-40ba92e00bd8",
  "content": "**Analysis:**\n\nThe request is asking whether it's possible to \"see\" or access JSON files that belong to a team. This implies a need for either a method to view JSON files stored in a shared location or a way to access them programmatically. The context suggests a collaborative environment, possibly involving cloud storage or a version control system where these JSON files are stored.\n\n**Approach:**\n\n1. **Identify Storage Location:** Determine where the JSON files are stored. Common locations include cloud storage services (e.g., AWS S3, Google Cloud Storage), a shared network drive, or a version control system (e.g., GitHub, GitLab).\n\n2. **Access Permissions:** Ensure that the necessary permissions are in place to access these files. This might involve checking user roles and access rights within the storage system.\n\n3. **Access Method:**\n   - **Direct Access:** If the files are stored in a shared directory or cloud storage, use appropriate APIs or file system access methods to read the files.\n   - **Version Control Access:** If the files are stored in a version control system, use Git commands or APIs to clone or pull the repository and access the files locally.\n\n4. **Programmatic Access:** If the goal is to access these files programmatically, write a script or application that can fetch and display the contents of the JSON files.\n\n**Implementation:**\n\nIf the JSON files are stored in a cloud storage service, you might need a script to access them. Here's a basic example using Python and AWS S3:\n\n```python\nimport boto3\nimport json\n\ndef fetch_json_from_s3(bucket_name, file_key):\n    # Initialize a session using Amazon S3\n    s3 = boto3.client('s3')\n\n    # Fetch the file from S3\n    response = s3.get_object(Bucket=bucket_name, Key=file_key)\n    \n    # Read the file content\n    content = response['Body'].read().decode('utf-8')\n    \n    # Parse the JSON content\n    json_content = json.loads(content)\n    \n    return json_content\n\n# Example usage\nbucket_name = 'your-bucket-name'\nfile_key = 'path/to/your/file.json'\n\njson_data = fetch_json_from_s3(bucket_name, file_key)\nprint(json_data)\n```\n\n**SKILL_SPEC:**\n\n- **Skill Name:** JSONFileAccess\n- **Description:** Provides methods to access and read JSON files from various storage systems, including cloud storage and version control systems.\n- **Dependencies:** boto3 (for AWS S3), requests (for HTTP access), gitpython (for Git access)\n- **Code Example:** See the implementation example above for AWS S3 access.\n\nThis approach assumes that the necessary credentials and permissions are already configured for accessing the storage system. Adjust the script according to the specific storage service and access method required."
}