{
  "timestamp": 1756704442.2610908,
  "llm": "engineer",
  "phase": "proposal",
  "session": "377261f9-cbc4-4deb-b1fa-2deb4b0003e0",
  "content": "**Analysis:**\n\n1. **Objective:** Save a \"Hello World\" message to a specified directory (m:/).\n2. **Requirements:** \n   - Communicate with a team of AI models.\n   - Access and utilize a skill registry.\n   - Generate and promote new skills autonomously if needed.\n3. **Constraints:** Ensure safe execution and collaboration among AI models.\n\n**Approach:**\n\n1. **Communication:** Establish a JSON-based communication protocol for AI models to share and respond to each other's outputs.\n2. **Skill Registry Access:** Check existing skills for file writing capabilities.\n3. **Skill Generation:** If no existing skill is found, create a new skill to write a file to the specified directory.\n4. **Execution:** Implement the skill and verify the output.\n\n**Implementation:**\n\n1. **Skill Check:**\n   - Search the skill registry for a file writing skill.\n\n2. **Skill Creation (if needed):**\n   - **SKILL_SPEC:**\n     ```json\n     {\n       \"name\": \"FileWriteSkill\",\n       \"description\": \"Writes a specified message to a given directory.\",\n       \"inputs\": [\"directory\", \"filename\", \"content\"],\n       \"outputs\": [\"success\", \"error\"]\n     }\n     ```\n\n   - **Code:**\n     ```python\n     import os\n\n     def write_hello_world(directory, filename=\"hello_world.txt\", content=\"Hello World\"):\n         try:\n             if not os.path.exists(directory):\n                 return {\"success\": False, \"error\": \"Directory does not exist\"}\n             \n             file_path = os.path.join(directory, filename)\n             with open(file_path, 'w') as file:\n                 file.write(content)\n             \n             return {\"success\": True, \"error\": None}\n         except Exception as e:\n             return {\"success\": False, \"error\": str(e)}\n\n     # Example usage\n     result = write_hello_world(\"m:/\")\n     ```\n\n3. **Execution:**\n   - Deploy the skill and test by writing \"Hello World\" to m:/.\n   - Share results with the team via the JSON collaboration protocol.\n\nThis approach ensures that the task is completed efficiently while maintaining the ability to adapt and expand capabilities autonomously."
}