{
  "timestamp": 1756705043.4111693,
  "llm": "engineer",
  "phase": "proposal",
  "session": "3e3cdfde-c18a-4fa6-a2e8-89dc4e5d5b58",
  "content": "### Analysis\n\nThe request is to autonomously manage and maintain a skill registry for a team of AI, ensuring that the team can operate effectively without direct supervision. The key elements of the request include:\n\n- **Autonomy**: The AI team should be able to operate independently, making decisions and executing tasks without direct input.\n- **Skill Management**: The AI should be able to identify, load, and utilize the necessary skills to accomplish given missions.\n- **Mission Understanding**: The AI should be capable of interpreting the user's intent and translating it into actionable tasks.\n- **Leadership and Responsibility**: Emphasis on leadership, safety, and ethical considerations in executing tasks.\n\n### Approach\n\n1. **Skill Registry Management**: Develop a dynamic skill registry that can autonomously identify and load skills based on the context of the mission. This registry will be updated regularly to include new skills as they are developed or identified as necessary.\n\n2. **Intent Recognition**: Implement a natural language processing (NLP) module to understand the user's intent and translate it into specific tasks. This module will leverage existing language models to interpret instructions and determine the required skills.\n\n3. **Task Delegation**: Create a task delegation framework that assigns tasks to the appropriate AI team members based on their skill sets. This framework will ensure that tasks are executed efficiently and effectively.\n\n4. **Ethical and Safety Considerations**: Integrate ethical guidelines and safety protocols into the decision-making process to ensure that all actions are aligned with societal and moral standards.\n\n### Implementation\n\n#### Skill Registry Management\n\n**SKILL_SPEC: DynamicSkillRegistry**\n\n- **Purpose**: To autonomously manage and update the skill registry based on mission requirements.\n- **Components**:\n  - **Skill Identification**: Use machine learning to identify necessary skills based on mission context.\n  - **Skill Loading**: Dynamically load and initialize skills as needed.\n  - **Skill Update**: Regularly update the registry with new skills.\n\n```python\nclass DynamicSkillRegistry:\n    def __init__(self):\n        self.skills = {}\n\n    def identify_skills(self, mission_context):\n        # Analyze mission context to determine required skills\n        required_skills = self.analyze_context(mission_context)\n        self.load_skills(required_skills)\n\n    def analyze_context(self, context):\n        # Placeholder for context analysis logic\n        return [\"SkillA\", \"SkillB\"]\n\n    def load_skills(self, skills):\n        for skill in skills:\n            if skill not in self.skills:\n                self.skills[skill] = self.initialize_skill(skill)\n\n    def initialize_skill(self, skill_name):\n        # Placeholder for skill initialization logic\n        return f\"Initialized {skill_name}\"\n\n    def update_registry(self, new_skills):\n        for skill in new_skills:\n            if skill not in self.skills:\n                self.skills[skill] = self.initialize_skill(skill)\n```\n\n#### Intent Recognition\n\n- Implement an NLP module using a pre-trained language model (e.g., GPT) to interpret user instructions and determine the necessary skills.\n\n#### Task Delegation\n\n- Develop a task delegation framework that assigns tasks to AI team members based on their skills and availability.\n\n#### Ethical and Safety Considerations\n\n- Integrate ethical guidelines into the decision-making process, ensuring all actions are responsible and aligned with societal values.\n\nThis proposal outlines a comprehensive approach to autonomously managing a team of AI, focusing on skill management, intent recognition, task delegation, and ethical considerations."
}