{
  "timestamp": 1756703398.9931324,
  "llm": "engineer",
  "phase": "proposal",
  "session": "65157213-fddd-4c3a-990c-ffd31b1a4034",
  "content": "### Analysis\n\nThe request involves developing a system with a robust Knowledge Graph and neural network capabilities for both long-term and short-term memory. This suggests the need for a sophisticated architecture that can handle complex data relationships and dynamic memory management. The system should be capable of learning and adapting over time, leveraging both structured data (Knowledge Graph) and unstructured data (neural networks).\n\n### Approach\n\n1. **Knowledge Graph Development**:\n   - **Objective**: Create a scalable and flexible Knowledge Graph to store and query structured data.\n   - **Tools**: Use graph databases like Neo4j or Amazon Neptune for efficient storage and retrieval.\n   - **Features**: Implement semantic relationships, ontologies, and reasoning capabilities to enhance data understanding.\n\n2. **Neural Network for Memory Management**:\n   - **Objective**: Develop neural networks to manage long-term and short-term memory.\n   - **Tools**: Use frameworks like TensorFlow or PyTorch to build and train neural networks.\n   - **Features**: Implement architectures like LSTM (Long Short-Term Memory) or GRU (Gated Recurrent Unit) for handling sequential data and memory tasks.\n\n3. **Integration**:\n   - **Objective**: Seamlessly integrate the Knowledge Graph with neural network models.\n   - **Tools**: Use APIs or middleware to facilitate communication between the graph database and neural network.\n   - **Features**: Develop a unified interface for querying and updating both the Knowledge Graph and neural network states.\n\n4. **Scalability and Robustness**:\n   - **Objective**: Ensure the system can handle large datasets and complex queries efficiently.\n   - **Tools**: Implement distributed computing techniques and cloud-based solutions for scalability.\n   - **Features**: Use caching, indexing, and parallel processing to optimize performance.\n\n### Implementation\n\n#### SKILL_SPEC: Knowledge Graph and Neural Network Integration\n\n- **Name**: KnowledgeGraph_NeuralNetwork_Integration\n- **Description**: A skill to integrate Knowledge Graphs with neural networks for enhanced data processing and memory management.\n- **Components**:\n  - **Graph Database Setup**: Configure and manage a graph database for storing structured data.\n  - **Neural Network Design**: Develop and train neural networks for memory tasks.\n  - **Integration Layer**: Implement an API or middleware for seamless interaction between components.\n\n#### Code Example\n\n```python\n# Import necessary libraries\nfrom neo4j import GraphDatabase\nimport torch\nimport torch.nn as nn\n\n# Knowledge Graph setup\nclass KnowledgeGraph:\n    def __init__(self, uri, user, password):\n        self.driver = GraphDatabase.driver(uri, auth=(user, password))\n\n    def close(self):\n        self.driver.close()\n\n    def add_data(self, query):\n        with self.driver.session() as session:\n            session.run(query)\n\n# Neural Network setup\nclass MemoryNetwork(nn.Module):\n    def __init__(self, input_size, hidden_size, output_size):\n        super(MemoryNetwork, self).__init__()\n        self.lstm = nn.LSTM(input_size, hidden_size)\n        self.fc = nn.Linear(hidden_size, output_size)\n\n    def forward(self, x):\n        out, _ = self.lstm(x)\n        out = self.fc(out)\n        return out\n\n# Integration function\ndef integrate_knowledge_graph_and_nn(graph, nn_model, data):\n    # Example of integrating data from the graph into the neural network\n    graph_data = graph.add_data(\"MATCH (n) RETURN n\")\n    nn_input = torch.tensor(graph_data)  # Convert graph data to tensor\n    nn_output = nn_model(nn_input)\n    return nn_output\n\n# Example usage\ngraph = KnowledgeGraph(\"bolt://localhost:7687\", \"neo4j\", \"password\")\nnn_model = MemoryNetwork(input_size=10, hidden_size=20, output_size=5)\n\n# Integrate and process data\noutput = integrate_knowledge_graph_and_nn(graph, nn_model, data=None)\n```\n\nThis proposal outlines a comprehensive approach to developing a system with a robust Knowledge Graph and neural network capabilities, focusing on integration and scalability."
}