{
  "timestamp": 1756703177.4955394,
  "llm": "engineer",
  "phase": "proposal",
  "session": "b96e1e4f-8ebd-47a7-b245-0a7704d558b9",
  "content": "**Analysis:**\n\nThe request \"Hello Dexter do you remember anything?\" is somewhat ambiguous and lacks specific context. However, it suggests that the user is inquiring about the capability of a system or an AI model named \"Dexter\" to recall past interactions or data. This could imply a need for memory or state management within the AI system to track and recall previous sessions or interactions.\n\n**Approach:**\n\nTo address this request, we need to determine if \"Dexter\" is supposed to have memory capabilities. If so, we should explore implementing a memory system that allows Dexter to store and retrieve past interactions. This could involve:\n\n1. **Session Management:** Keeping track of user sessions and storing relevant data.\n2. **Persistent Storage:** Using databases or file systems to store session data for long-term memory.\n3. **Contextual Recall:** Implementing mechanisms to retrieve and utilize past data to enhance current interactions.\n\nIf Dexter currently lacks these capabilities, we will need to define a new skill specification for memory management and implement it.\n\n**Implementation:**\n\n1. **Skill Specification (SKILL_SPEC):**\n\n   - **Name:** Memory Management\n   - **Description:** Enables the system to store, retrieve, and utilize past interaction data to provide context-aware responses.\n   - **Components:**\n     - Session Tracking: Identify and manage user sessions.\n     - Data Storage: Use a database or file system to persist session data.\n     - Data Retrieval: Implement methods to query and retrieve past data based on current context.\n\n2. **Code Example:**\n\n   Here is a basic implementation outline using Python and a simple database (SQLite) for session management:\n\n   ```python\n   import sqlite3\n   from datetime import datetime\n\n   class MemoryManager:\n       def __init__(self, db_name='memory.db'):\n           self.conn = sqlite3.connect(db_name)\n           self.create_table()\n\n       def create_table(self):\n           with self.conn:\n               self.conn.execute('''\n                   CREATE TABLE IF NOT EXISTS sessions (\n                       session_id TEXT PRIMARY KEY,\n                       user_data TEXT,\n                       timestamp DATETIME DEFAULT CURRENT_TIMESTAMP\n                   )\n               ''')\n\n       def store_session(self, session_id, user_data):\n           with self.conn:\n               self.conn.execute('''\n                   INSERT INTO sessions (session_id, user_data)\n                   VALUES (?, ?)\n               ''', (session_id, user_data))\n\n       def retrieve_session(self, session_id):\n           cursor = self.conn.cursor()\n           cursor.execute('''\n               SELECT user_data FROM sessions WHERE session_id = ?\n           ''', (session_id,))\n           return cursor.fetchone()\n\n   # Example usage\n   memory_manager = MemoryManager()\n   session_id = 'b96e1e4f-8ebd-47a7-b245-0a7704d558b9'\n   memory_manager.store_session(session_id, 'User asked about memory capabilities.')\n   print(memory_manager.retrieve_session(session_id))\n   ```\n\nThis implementation provides a basic framework for storing and retrieving session data. It can be expanded with more sophisticated data structures and retrieval algorithms to enhance Dexter's memory capabilities."
}