{
  "timestamp": 1756703250.2810693,
  "llm": "engineer",
  "phase": "proposal",
  "session": "f8053a39-fa26-4a5a-83cf-d05235743f68",
  "content": "## Analysis\n\nThe user's request is to remember \"every little thing no matter what it is\" indefinitely. This implies a need for persistent storage and retrieval of data. The request suggests a system that can capture and store a wide variety of data types and contexts, potentially including text, images, audio, and more. The system must also be scalable to handle potentially large volumes of data over time.\n\n## Approach\n\nTo address this request, we need to design a system that can:\n\n1. **Capture Data**: Accept various types of input data from the user.\n2. **Store Data**: Use a scalable and reliable storage solution to persist the data.\n3. **Retrieve Data**: Provide mechanisms to search and retrieve stored data efficiently.\n4. **Ensure Durability**: Implement data backup and recovery strategies to prevent data loss.\n5. **Handle Scalability**: Use cloud-based solutions to scale storage and processing as needed.\n\n### Proposed Solution\n\n1. **Data Capture**: Develop an API that can accept different data types (text, images, audio, etc.) and metadata.\n2. **Data Storage**: Use a combination of databases:\n   - **NoSQL Database** (e.g., MongoDB) for unstructured data.\n   - **Object Storage** (e.g., AWS S3) for large files like images and audio.\n3. **Data Retrieval**: Implement search functionality using a search engine (e.g., Elasticsearch) to allow efficient querying.\n4. **Data Durability**: Use cloud provider features for automatic backups and replication.\n5. **Scalability**: Deploy the system on a cloud platform (e.g., AWS, Azure) to leverage auto-scaling and load balancing.\n\n## Implementation\n\n### SKILL_SPEC\n\n```yaml\nname: PersistentDataStorage\ndescription: A system to capture, store, and retrieve various types of data indefinitely.\ncapabilities:\n  - Capture various data types (text, images, audio)\n  - Store data in a scalable and durable manner\n  - Retrieve data efficiently\n  - Ensure data durability and scalability\ncomponents:\n  - API Gateway\n  - Data Ingestion Service\n  - NoSQL Database (e.g., MongoDB)\n  - Object Storage (e.g., AWS S3)\n  - Search Engine (e.g., Elasticsearch)\n  - Cloud Infrastructure (e.g., AWS, Azure)\n```\n\n### Code Example\n\nBelow is a simplified example of how the API might be structured using a Python Flask application:\n\n```python\nfrom flask import Flask, request, jsonify\nfrom pymongo import MongoClient\nimport boto3\n\napp = Flask(__name__)\n\n# Initialize MongoDB client\nmongo_client = MongoClient('mongodb://localhost:27017/')\ndb = mongo_client['persistent_storage']\n\n# Initialize S3 client\ns3_client = boto3.client('s3')\n\n@app.route('/store', methods=['POST'])\ndef store_data():\n    data_type = request.headers.get('Content-Type')\n    data = request.data\n\n    if data_type.startswith('text/'):\n        # Store text data in MongoDB\n        db.text_data.insert_one({'data': data.decode('utf-8')})\n    elif data_type.startswith('image/') or data_type.startswith('audio/'):\n        # Store binary data in S3\n        s3_client.put_object(Bucket='my-bucket', Key='my-key', Body=data)\n    else:\n        return jsonify({'error': 'Unsupported data type'}), 400\n\n    return jsonify({'status': 'success'}), 200\n\n@app.route('/retrieve', methods=['GET'])\ndef retrieve_data():\n    # Implement retrieval logic based on query parameters\n    pass\n\nif __name__ == '__main__':\n    app.run(debug=True)\n```\n\nThis example provides a basic framework for capturing and storing data, which can be expanded with additional features like search and retrieval, error handling, and scalability enhancements."
}