{
  "timestamp": 1756703897.1743708,
  "llm": "analyst",
  "phase": "proposal",
  "session": "10e110e8-d5d5-4188-a90f-40ba92e00bd8",
  "content": "### Analysis\nThe user request is asking whether the team can access JSON files related to their collaboration session. This implies that the team needs to verify the availability and accessibility of these files, likely for data sharing or analysis purposes. The mention of \"teams\" suggests a collaborative environment where multiple entities (in this case, LLMs) are working together.\n\n### Approach\n1. **Identify JSON File Structure**: Determine the expected structure and content of the JSON files that are relevant to the collaboration session.\n2. **Access Verification**: Check the current access permissions and availability of the JSON files within the collaboration session.\n3. **Data Retrieval**: If the files are accessible, retrieve the necessary data for analysis.\n4. **Communication**: Provide feedback to the user regarding the status of the JSON files, including any issues encountered during access.\n\n### Implementation\n#### SKILL_SPEC\nTo facilitate the access and retrieval of JSON files, the following skills may be required:\n- **File Access Management**: Ability to check permissions and access files.\n- **JSON Parsing**: Ability to read and manipulate JSON data structures.\n\n#### Code Example\nHere’s a sample code snippet that could be used to check for the existence of JSON files and parse them if available:\n\n```python\nimport os\nimport json\n\ndef check_json_files(session_id):\n    # Define the path where JSON files are stored\n    json_directory = f\"/path/to/collaboration/sessions/{session_id}/\"\n    \n    # Check if the directory exists\n    if not os.path.exists(json_directory):\n        return \"Directory does not exist.\"\n    \n    # List all JSON files in the directory\n    json_files = [f for f in os.listdir(json_directory) if f.endswith('.json')]\n    \n    if not json_files:\n        return \"No JSON files found.\"\n    \n    # Read and parse the JSON files\n    json_data = {}\n    for file in json_files:\n        with open(os.path.join(json_directory, file), 'r') as f:\n            json_data[file] = json.load(f)\n    \n    return json_data\n\n# Example usage\nsession_id = \"10e110e8-d5d5-4188-a90f-40ba92e00bd8\"\nresult = check_json_files(session_id)\nprint(result)\n```\n\nThis code checks for the existence of JSON files in a specified directory based on the collaboration session ID, retrieves the files if they exist, and parses their content into a dictionary. The output can then be communicated back to the user to confirm the availability of the files."
}