{
  "timestamp": 1756704444.1582417,
  "llm": "analyst",
  "phase": "proposal",
  "session": "377261f9-cbc4-4deb-b1fa-2deb4b0003e0",
  "content": "### Analysis\nThe user is requesting a way to save a \"Hello World\" file to a specified directory (m:/) and is interested in the ability to communicate and collaborate with a team of AI models. The user also wants to explore the ability to autonomously generate and promote new skills.\n\n### Approach\n1. **Skill Development**: Create a new skill that can handle file writing operations.\n2. **Collaboration**: Ensure that the skill can communicate with other AI models for potential enhancements or feedback.\n3. **Testing**: Validate the skill by attempting to save the \"Hello World\" file to the specified location.\n\n### Implementation\n#### SKILL_SPEC\n```json\n{\n  \"skill_name\": \"FileWriter\",\n  \"description\": \"A skill to write text to a specified file path.\",\n  \"parameters\": {\n    \"file_path\": \"string\",\n    \"content\": \"string\"\n  },\n  \"output\": {\n    \"status\": \"string\",\n    \"message\": \"string\"\n  }\n}\n```\n\n#### Code Example\n```python\nimport os\n\ndef save_to_file(file_path, content):\n    try:\n        # Ensure the directory exists\n        os.makedirs(os.path.dirname(file_path), exist_ok=True)\n        \n        # Write content to the file\n        with open(file_path, 'w') as file:\n            file.write(content)\n        \n        return {\"status\": \"success\", \"message\": f\"File saved to {file_path}\"}\n    except Exception as e:\n        return {\"status\": \"error\", \"message\": str(e)}\n\n# Usage\nresult = save_to_file(\"m:/hello_world.txt\", \"Hello World\")\nprint(result)\n```\n\n### Next Steps\n- Implement the `FileWriter` skill and test it.\n- Collaborate with the team to refine the skill based on feedback.\n- Explore additional functionalities for file handling as needed."
}