{
  "timestamp": 1756705043.8055124,
  "llm": "analyst",
  "phase": "proposal",
  "session": "3e3cdfde-c18a-4fa6-a2e8-89dc4e5d5b58",
  "content": "# Proposal for User Request\n\n## Analysis\nThe user has requested a collaborative approach where I, as a leader, will autonomously manage a team of AI models to fulfill missions without direct supervision. The emphasis is on understanding intent, delegating tasks, and ensuring the safety and integrity of the mission. The user seeks a system that operates efficiently and effectively while respecting ethical considerations and societal values.\n\nKey points from the request:\n- **Autonomy**: The system should operate without direct supervision.\n- **Intent Understanding**: It is crucial to accurately interpret the user's missions.\n- **Team Collaboration**: The AI models must work as a cohesive unit.\n- **Ethical Responsibility**: The mission must prioritize safety and respect for societal values.\n\n## Approach\n1. **Intent Recognition**: Develop a mechanism to analyze user inputs and extract underlying intents. This could involve natural language processing (NLP) techniques to identify keywords, sentiment, and context.\n  \n2. **Task Delegation**: Based on the identified intent, assign specific tasks to different AI models within the team. Each model will have specialized skills suited for particular tasks.\n\n3. **Unified Communication**: Establish a communication protocol among the AI models to ensure seamless collaboration and information sharing.\n\n4. **Feedback Loop**: Implement a system for continuous feedback and learning, allowing the AI models to adapt and improve their performance over time.\n\n5. **Ethical Oversight**: Incorporate guidelines and checks to ensure that all actions taken by the AI models align with ethical standards and societal values.\n\n## Implementation\n### SKILL_SPEC\nTo facilitate the above approach, we will create a new skill focused on intent recognition and task delegation.\n\n```python\nclass IntentRecognitionSkill:\n    def __init__(self):\n        self.intent_mapping = {\n            \"data_analysis\": self.perform_data_analysis,\n            \"strategic_planning\": self.perform_strategic_planning,\n            \"report_generation\": self.generate_report,\n            # Add more intents as needed\n        }\n\n    def recognize_intent(self, user_input):\n        # Placeholder for NLP processing to determine intent\n        intent = self.extract_intent(user_input)\n        return intent\n\n    def delegate_task(self, intent):\n        if intent in self.intent_mapping:\n            self.intent_mapping[intent]()\n        else:\n            print(\"Unknown intent. Please clarify.\")\n\n    def extract_intent(self, user_input):\n        # NLP logic to determine intent from user input\n        # For now, return a placeholder intent\n        return \"data_analysis\"  # Example intent\n\n    def perform_data_analysis(self):\n        print(\"Performing data analysis...\")\n\n    def perform_strategic_planning(self):\n        print(\"Conducting strategic planning...\")\n\n    def generate_report(self):\n        print(\"Generating report...\")\n```\n\n### Summary\nThis proposal outlines a structured approach to autonomously manage a team of AI models to fulfill user missions. By focusing on intent recognition, task delegation, and ethical oversight, we can ensure that the AI operates effectively and responsibly. The implementation of the `IntentRecognitionSkill` will serve as a foundational tool for achieving these objectives."
}