{
  "timestamp": 1756703403.374157,
  "llm": "analyst",
  "phase": "proposal",
  "session": "65157213-fddd-4c3a-990c-ffd31b1a4034",
  "content": "### Analysis\n\nThe request indicates an ongoing development process aimed at enhancing the capabilities of a language model (LLM) by integrating a robust Knowledge Graph and a neural network with both long-term and short-term memory functionalities. The goal appears to be creating a more intelligent and context-aware system that can leverage structured knowledge and dynamic memory management to improve user interactions and responses.\n\n### Approach\n\n1. **Knowledge Graph Integration**:\n   - Develop a structured Knowledge Graph that captures relationships between entities, concepts, and facts relevant to the domain of interest.\n   - Utilize graph databases (e.g., Neo4j) to store and query the Knowledge Graph efficiently.\n\n2. **Neural Network Memory Architecture**:\n   - Implement a dual memory architecture:\n     - **Long-term Memory**: Store persistent knowledge and facts that do not change frequently, possibly using a combination of embeddings and a database.\n     - **Short-term Memory**: Capture context and recent interactions to maintain conversational flow and relevance, using techniques like attention mechanisms or recurrent neural networks (RNNs).\n\n3. **Data Flow and Interaction**:\n   - Design a data flow that allows the LLM to query the Knowledge Graph for factual information while using the memory architecture to manage context.\n   - Implement a feedback loop where user interactions can update both the short-term and long-term memory.\n\n4. **Evaluation and Iteration**:\n   - Establish metrics to evaluate the effectiveness of the integrated system, including response accuracy, relevance, and user satisfaction.\n   - Iterate on the design based on feedback and performance metrics.\n\n### Implementation\n\n#### SKILL_SPEC\n\n**Skill Name**: Knowledge Graph and Memory Management\n\n**Skills Required**:\n- Knowledge Graph Construction\n- Neural Network Design (RNNs, Attention Mechanisms)\n- Database Management (Graph Databases)\n- Data Processing and Querying\n\n#### Code Snippet\n\nHere’s a simplified Python code snippet demonstrating the integration of a Knowledge Graph with a neural network for memory management:\n\n```python\nimport networkx as nx\nfrom keras.models import Sequential\nfrom keras.layers import LSTM, Dense, Embedding\n\n# Create a simple Knowledge Graph\nknowledge_graph = nx.Graph()\nknowledge_graph.add_edges_from([\n    ('Python', 'Programming Language'),\n    ('Java', 'Programming Language'),\n    ('Python', 'Data Science'),\n    ('Java', 'Web Development')\n])\n\n# Function to query the Knowledge Graph\ndef query_knowledge_graph(entity):\n    return list(knowledge_graph.neighbors(entity))\n\n# Simple LSTM model for short-term memory\ndef create_memory_model(vocab_size, embedding_dim):\n    model = Sequential()\n    model.add(Embedding(vocab_size, embedding_dim))\n    model.add(LSTM(128, return_sequences=True))\n    model.add(LSTM(128))\n    model.add(Dense(vocab_size, activation='softmax'))\n    return model\n\n# Example usage\nentity = 'Python'\nrelated_entities = query_knowledge_graph(entity)\nprint(f\"Related entities to {entity}: {related_entities}\")\n\n# Create and compile the memory model\nmemory_model = create_memory_model(vocab_size=1000, embedding_dim=64)\nmemory_model.compile(loss='categorical_crossentropy', optimizer='adam', metrics=['accuracy'])\n```\n\nThis code provides a foundational structure for integrating a Knowledge Graph and a neural network model, which can be expanded and refined based on specific requirements and data."
}