{
  "timestamp": 1756703179.8223114,
  "llm": "analyst",
  "phase": "proposal",
  "session": "b96e1e4f-8ebd-47a7-b245-0a7704d558b9",
  "content": "### Analysis\nThe user request, \"Hello Dexter do you remember anything?\" suggests a need for a conversational AI or system that can recall previous interactions or context. This implies a requirement for memory or context retention capabilities, which are not standard in typical LLMs (Large Language Models) as they do not retain information from past sessions. The user may be looking for personalized responses based on prior conversations.\n\n### Approach\nTo address this request, we can implement a memory system that allows the LLM to store and retrieve relevant information from previous interactions. This can be achieved through the following steps:\n\n1. **Memory Storage**: Create a database or a structured storage system to keep track of user interactions, preferences, and important details.\n2. **Context Retrieval**: Develop a mechanism to query this memory when the user initiates a conversation, allowing the LLM to provide contextually relevant responses.\n3. **User Interaction**: Implement a user interface where users can update or delete information from their memory if they choose to do so.\n4. **Integration**: Ensure that the memory system is seamlessly integrated with the LLM to enhance the conversational experience without compromising performance.\n\n### Implementation\nTo implement the memory system, we will need to define a new skill that allows for memory management. Below is the SKILL_SPEC and code outline for this functionality.\n\n#### SKILL_SPEC\n- **Skill Name**: Memory Management\n- **Functionality**:\n  - Store user interactions\n  - Retrieve stored information based on user queries\n  - Update and delete memory entries\n- **Data Structure**: Use a key-value store where the key is the user ID and the value is a list of memory entries.\n\n#### Code Outline\n```python\nclass MemoryManager:\n    def __init__(self):\n        self.memory_store = {}\n\n    def add_memory(self, user_id, memory_entry):\n        if user_id not in self.memory_store:\n            self.memory_store[user_id] = []\n        self.memory_store[user_id].append(memory_entry)\n\n    def retrieve_memory(self, user_id):\n        return self.memory_store.get(user_id, [])\n\n    def update_memory(self, user_id, old_entry, new_entry):\n        if user_id in self.memory_store:\n            self.memory_store[user_id] = [\n                new_entry if entry == old_entry else entry\n                for entry in self.memory_store[user_id]\n            ]\n\n    def delete_memory(self, user_id, memory_entry):\n        if user_id in self.memory_store:\n            self.memory_store[user_id] = [\n                entry for entry in self.memory_store[user_id] if entry != memory_entry\n            ]\n\n# Example usage\nmemory_manager = MemoryManager()\nmemory_manager.add_memory(\"user123\", \"Likes pizza\")\nprint(memory_manager.retrieve_memory(\"user123\"))  # Output: [\"Likes pizza\"]\n```\n\nThis implementation provides a foundational memory management system that can be expanded and integrated with the LLM to enhance user interactions based on their history."
}