{
  "timestamp": 1756703247.2287734,
  "llm": "analyst",
  "phase": "proposal",
  "session": "f8053a39-fa26-4a5a-83cf-d05235743f68",
  "content": "## Analysis\n\nThe user request is to remember every detail indefinitely, which poses significant challenges in terms of data storage, retrieval, and management. Key considerations include:\n\n- **Data Volume**: The sheer volume of information that could be generated is immense, requiring scalable storage solutions.\n- **Data Relevance**: Not all information is equally important; determining what to prioritize for retention is crucial.\n- **Privacy and Security**: Storing personal or sensitive information raises ethical and legal concerns.\n- **Data Retrieval**: Efficiently retrieving specific pieces of information from a vast dataset is essential for usability.\n\n## Approach\n\nTo address the request, we propose a multi-faceted solution:\n\n1. **Data Categorization**: Implement a system to categorize information based on relevance and type (e.g., personal notes, project details, general knowledge).\n2. **Storage Solutions**: Utilize a cloud-based database that allows for scalable storage and easy access.\n3. **Retention Policies**: Establish guidelines for what information is retained indefinitely versus what can be purged after a certain period.\n4. **Search Functionality**: Develop a robust search algorithm to enable quick retrieval of stored information.\n5. **User Interface**: Create a user-friendly interface for inputting and accessing information.\n\n## Implementation\n\n### SKILL_SPEC\n\nTo implement this solution, we will require a new skill focused on data management and retrieval. Below is a proposed SKILL_SPEC:\n\n```python\nclass DataMemoryManager:\n    def __init__(self):\n        self.memory_store = {}  # Dictionary to store categorized information\n\n    def add_memory(self, category, detail):\n        if category not in self.memory_store:\n            self.memory_store[category] = []\n        self.memory_store[category].append(detail)\n\n    def retrieve_memory(self, category):\n        return self.memory_store.get(category, [])\n\n    def purge_memory(self, category):\n        if category in self.memory_store:\n            del self.memory_store[category]\n\n    def search_memory(self, keyword):\n        results = {}\n        for category, details in self.memory_store.items():\n            results[category] = [detail for detail in details if keyword in detail]\n        return results\n```\n\n### Summary\n\nThis proposal outlines a strategic approach to fulfilling the user's request for indefinite memory retention. By categorizing data, utilizing scalable storage solutions, and implementing efficient retrieval methods, we can create a system that meets the user's needs while addressing potential challenges related to data management."
}